<?xml version="1.0" encoding="UTF-8"?>
<!DOCTYPE mapper
      PUBLIC "-//mybatis.org//DTD Mapper 3.0//EN"
   "http://mybatis.org/dtd/mybatis-3-mapper.dtd">

<mapper namespace="mapper.address">

	<select id="selectAddressByDong" resultType="addressVO" parameterType="map">
	    <![CDATA[
	    	select * from address
	    ]]>
	    <where>
		    <choose>
		        <when test="dong != '' and dong != null">
		            and dong like '%' || #{dong} || '%'
		        </when>			
		    </choose>
	    </where>
	</select>

</mapper>