<?xml version="1.0" encoding="UTF-8"?>
<!DOCTYPE mapper
      PUBLIC "-//mybatis.org//DTD Mapper 3.0//EN"
   "http://mybatis.org/dtd/mybatis-3-mapper.dtd">

<mapper namespace="mapper.member">

	<select id="getMember" resultType="memberVO" parameterType="String">
      <![CDATA[
         select * from member where id = #{userid}	
      ]]>
	</select>

	<insert id="insertMember" parameterType="memberVO">
		<![CDATA[
		 insert into member(id, pwd, name, zip_num, address, phone, email) 
		 values (#{id}, #{pwd}, #{name}, #{zip_num}, #{address}, #{phone}, #{email})
		]]>
	</insert>
	
	<select id="listMember" resultType="memberVO" parameterType="map">
	    <![CDATA[
	        select * from member
	    ]]>
	    <where>
		    <choose>
		        <when test="name != '' and name != null">
		            and name like '%' || #{name} || '%'
		        </when>		
		    </choose>
	    </where>
	    order by indate desc
	</select>
	
	<select id="findId" resultType="String" parameterType="map">
      <![CDATA[
         select id from member where name=#{name} and email=#{email}
      ]]>
	</select>
	
	<select id="findPwd" resultType="String" parameterType="map">
      <![CDATA[
         select PWD from member where id=#{id} and name=#{name} and email=#{email}
      ]]>
	</select>

</mapper>