<?xml version="1.0" encoding="UTF-8"?>
<!DOCTYPE mapper
      PUBLIC "-//mybatis.org//DTD Mapper 3.0//EN"
   "http://mybatis.org/dtd/mybatis-3-mapper.dtd">

<mapper namespace="mapper.order">

	<select id="selectSeqOrderIng" resultType="int" parameterType="String">
      <![CDATA[
         select distinct oseq from order_view where id=#{id} and result='1' order by oseq desc
      ]]>
	</select>
	
	<select id="selectSeqOrderIng2" resultType="int" parameterType="String">
      <![CDATA[
         select distinct oseq from order_view where id=#{id} and result='2' order by oseq desc
      ]]>
	</select>

	<select id="listOrderById" resultType="orderVO" parameterType="map">
	    <![CDATA[
	        select * from order_view where id=#{id} and
	    ]]>
	    <choose>
	        <when test="result != '' and result != null">
	            result like '%' || #{result} || '%'
	        </when>			
	    </choose>
	    and oseq=#{oseq}
	</select>

	<select id="selectMaxOseq" resultType="int">
      <![CDATA[
         select max(oseq) from orders
      ]]>
	</select>
	
	<insert id="insertOrder" parameterType="String">
		<![CDATA[
		 insert into orders(oseq, id) values(orders_seq.nextval, #{id})
		]]>
	</insert>
	
	<insert id="insertOrderDetail" parameterType="map">
		<![CDATA[
		 insert into order_detail(odseq, oseq, pseq, quantity) values(order_detail_seq.nextval, #{oseq}, #{pseq}, #{quantity})
		]]>
	</insert>
	
	<update id="updateCartResult" parameterType="map">
		<![CDATA[
		 update cart set result=2 where cseq=#{cseq}
		]]>
	</update>
	
	<update id="updateOrderResult" parameterType="String">
		<![CDATA[
		 update order_detail set result='2' where odseq=#{odseq}
		]]>
	</update>
	
	<select id="maxCSEQ" resultType="int">
      <![CDATA[
         select max(cseq) from CART
      ]]>
	</select>
	
	<select id="listOrderByName" resultType="orderVO" parameterType="map">
	    <![CDATA[
	        select * from order_view 
	    ]]>
	    <where>
		    <choose>
		        <when test="mname != '' and mname != null">
		            and mname like '%' || #{mname} || '%'
		        </when>			
		    </choose>
	    </where>
	    order by result, oseq desc
	</select>
	
</mapper>