<?xml version="1.0" encoding="UTF-8"?>
<!DOCTYPE mapper
      PUBLIC "-//mybatis.org//DTD Mapper 3.0//EN"
   "http://mybatis.org/dtd/mybatis-3-mapper.dtd">

<mapper namespace="mapper.product">

	<select id="listNewProduct" resultType="productVO">
      <![CDATA[
         select * from new_pro_view	
      ]]>
	</select>
	
	<select id="listBestProduct" resultType="productVO">
      <![CDATA[
         select * from best_pro_view
      ]]>
	</select>
	
	<select id="getProduct" resultType="productVO" parameterType="String">
      <![CDATA[
        select * from product where pseq=#{pseq}
      ]]>
	</select>
	
	<select id="listKindProduct" resultType="productVO" parameterType="String">
      <![CDATA[
        select * from product where kind=#{kind} and useyn like('y')
      ]]>
	</select>
	
	<insert id="insertProduct" parameterType="productVO">
		<![CDATA[
		 insert into product (pseq, kind, name, price1, price2, price3, content, image, useyn, bestyn) 
		 values(product_seq.nextval, #{kind}, #{name}, #{price1}, #{price2}, #{price3}, #{content}, #{image}, #{useyn}, #{bestyn})
		]]>
	</insert>
	
	<update id="updateProduct" parameterType="productVO">
	     <![CDATA[
		    update product set kind=#{kind}, useyn=#{useyn}, name=#{name}, price1=#{price1}, 
		    price2=#{price2}, price3=#{price3}, content=#{content}, image=#{image}, bestyn=#{bestyn} where pseq=#{pseq}
	      ]]>
	</update>
	
	<select id="totalRecord" resultType="int" parameterType="map">
	    <![CDATA[
	    	select count(*) from product
	    ]]>
	    <where>
		    <choose>
		        <when test="name != '' and name != null">
		            and name like '%' || #{name} || '%'
		        </when>		
		    </choose>
	    </where>
	</select>
	
	<delete id="deleteProduct" parameterType="int">
		<![CDATA[
		   DELETE FROM product WHERE pseq = #{pseq}
		]]>
	</delete>
	
</mapper>