<?xml version="1.0" encoding="UTF-8"?>
<!DOCTYPE mapper
      PUBLIC "-//mybatis.org//DTD Mapper 3.0//EN"
   "http://mybatis.org/dtd/mybatis-3-mapper.dtd">

<mapper namespace="mapper.qna">

	<select id="listQna" resultType="qnaVO" parameterType="String">
      <![CDATA[
         select * from qna where id=#{id} order by qseq desc
      ]]>
	</select>
	
	<select id="getQna" resultType="qnaVO" parameterType="int">
      <![CDATA[
         select * from qna where qseq=#{qseq}
      ]]>
	</select>
	
	<insert id="insertQna" parameterType="map">
		<![CDATA[
			insert into qna (qseq, subject, content, id) values (qna_seq.nextval, #{subject}, #{content}, #{id})
		]]>
	</insert>
	
	<select id="listAllQna" resultType="qnaVO">
      <![CDATA[
         select * from qna order by indate desc
      ]]>
	</select>
	
	<update id="updateQna" parameterType="qnaVO">
     <![CDATA[
	     update qna set reply=#{reply}, rep='2' where qseq=#{qseq}
      ]]>
	</update>

</mapper>